{"0":false,"thim_logo":"1825","thim_sticky_logo":"1824","thim_width_logo":"50","thim_favicon":"1653","thim_header_style":"header_v1","thim_header_position":"header_overlay","thim_bg_main_menu_color":"rgba(255,255,255,0)","thim_main_menu_text_color":"#ffffff","thim_main_menu_text_hover_color":"#699E87","thim_font_size_main_menu":"13px","thim_font_weight_main_menu":"700","thim_bg_mobile_menu_color":"#222222","thim_mobile_menu_text_color":"#d8d8d8","thim_mobile_menu_text_hover_color":"#699E87","thim_show_offcanvas_sidebar":false,"thim_bg_offcanvas_sidebar_color":"#141414","thim_offcanvas_sidebar_text_color":"#a9a9a9","thim_offcanvas_sidebar_link_color":"#ffffff","thim_icon_offcanvas_sidebar":"fa-bars","thim_sub_menu_border_top_color":"#ffffff","thim_sub_menu_bg_color":"#ffffff","thim_sub_menu_border_color":"#eeeeee","thim_sub_menu_text_color":"#3a3a3a","thim_sub_menu_text_color_hover":"#699E87","thim_header_sticky":true,"thim_config_att_sticky":"sticky_custom","thim_sticky_bg_main_menu_color":"rgba(10,10,10,0.85)","thim_sticky_main_menu_text_color":"#fff","thim_sticky_main_menu_text_hover_color":"#699E87","thim_show_drawer":false,"thim_bg_drawer_color":"#ffffff","thim_drawer_text_color":"#ffffff","thim_drawer_style":"style1","thim_drawer_open":false,"thim_body_bg_color":"#ffffff","thim_body_primary_color":"#699E87","thim_box_layout":"boxed","thim_user_bg_pattern":false,"thim_bg_pattern":"http:\/\/resca.thimpress.com\/wp-content\/themes\/resca\/images\/patterns\/pattern4.png","thim_bg_pattern_upload":"","thim_bg_repeat":"no-repeat","thim_bg_position":"center center","thim_bg_attachment":"inherit","thim_bg_size":"inherit","thim_archive_cate_layout":"sidebar-right","thim_archive_cate_hide_title":false,"thim_archive_cate_top_image":"1854","thim_archive_cate_heading_bg_color":"","thim_archive_cate_heading_text_color":"#fff","thim_archive_excerpt_length":"20","thim_show_category":true,"thim_show_author":true,"thim_show_comment":true,"thim_front_page_cate_layout":"sidebar-right","thim_front_page_hide_title":false,"thim_front_page_top_image":"1854","thim_front_page_heading_bg_color":"","thim_front_page_heading_text_color":"#fff","thim_front_page_custom_title":"","thim_archive_single_layout":"sidebar-right","thim_archive_single_hide_title":false,"thim_archive_single_top_image":"1854","thim_archive_single_heading_bg_color":"","thim_archive_single_heading_text_color":"#fff","thim_single_show_category":false,"thim_single_show_date":true,"thim_single_show_author":true,"thim_single_show_comment":true,"thim_archive_sharing_facebook":true,"thim_archive_sharing_twitter":true,"thim_archive_sharing_google":true,"thim_archive_sharing_pinterest":true,"thim_font_body":{"font-family":"aileron","font-type":"safe","color-opacity":"#666666","font-size":"16px","font-weight":"normal","font-style":"normal","line-height":"1.6em","letter-spacing":"normal","text-transform":"none","font-variant":"normal","text-shadow-location":"none","text-shadow-distance":"0px","text-shadow-blur":"0px","text-shadow-color":"#333333","text-shadow-opacity":"1","dark":"","text":null},"thim_font_title":{"font-family":"Pacifico","font-type":"google","color-opacity":"#333333","font-size":"13px","font-weight":"normal","font-style":"normal","line-height":"1.5em","letter-spacing":"normal","text-transform":"none","font-variant":"normal","text-shadow-location":"none","text-shadow-distance":"0px","text-shadow-blur":"0px","text-shadow-color":"#333333","text-shadow-opacity":"1","dark":"","text":null},"thim_font_h1":{"font-family":"aileron","font-type":"safe","color-opacity":"#2a2a2a","font-size":"56px","font-weight":"800","font-style":"normal","line-height":"1.3em","letter-spacing":"normal","text-transform":"none","font-variant":"normal","text-shadow-location":"none","text-shadow-distance":"0px","text-shadow-blur":"0px","text-shadow-color":"#333333","text-shadow-opacity":"1","dark":"","text":null},"thim_font_h2":{"font-family":"aileron","font-type":"safe","color-opacity":"#3f3f3f","font-size":"54px","font-weight":"800","font-style":"normal","line-height":"1.6em","letter-spacing":"normal","text-transform":"none","font-variant":"normal","text-shadow-location":"none","text-shadow-distance":"0px","text-shadow-blur":"0px","text-shadow-color":"#333333","text-shadow-opacity":"1","dark":"","text":null},"thim_font_h3":{"font-family":"aileron","font-type":"safe","color-opacity":"#333","font-size":"34px","font-weight":"normal","font-style":"normal","line-height":"1.6em","letter-spacing":"normal","text-transform":"none","font-variant":"normal","text-shadow-location":"none","text-shadow-distance":"0px","text-shadow-blur":"0px","text-shadow-color":"#333333","text-shadow-opacity":"1","dark":"","text":null},"thim_font_h4":{"font-family":"aileron","font-type":"safe","color-opacity":"#2a2a2a","font-size":"30px","font-weight":"normal","font-style":"normal","line-height":"1.8em","letter-spacing":"normal","text-transform":"capitalize","font-variant":"normal","text-shadow-location":"none","text-shadow-distance":"0px","text-shadow-blur":"0px","text-shadow-color":"#333333","text-shadow-opacity":"1","dark":"","text":null},"thim_font_h5":{"font-family":"aileron","font-type":"safe","color-opacity":"#2a2a2a","font-size":"24px","font-weight":"normal","font-style":"normal","line-height":"1.1em","letter-spacing":"normal","text-transform":"none","font-variant":"normal","text-shadow-location":"none","text-shadow-distance":"0px","text-shadow-blur":"0px","text-shadow-color":"#333333","text-shadow-opacity":"1","dark":"","text":null},"thim_font_h6":{"font-family":"aileron","font-type":"safe","color-opacity":"#2a2a2a","font-size":"20px","font-weight":"normal","font-style":"normal","line-height":"1.4em","letter-spacing":"normal","text-transform":"none","font-variant":"normal","text-shadow-location":"none","text-shadow-distance":"0px","text-shadow-blur":"0px","text-shadow-color":"#333333","text-shadow-opacity":"1","dark":"","text":null},"thim_show_to_top":true,"thim_copyright_text_color":"#aaa","thim_copyright_text":"<a href=\"https:\/\/themeforest.net\/item\/wordpress-restaurant-theme-resca\/12124219?ref=ThimPress&utm_source=demo&utm_medium=demofooter\">WordPress Restaurant Theme<\/a> by <a href=\"http:\/\/www.thimpress.com\">ThimPress.<\/a> Powered by WordPress.","thim_footer_background_img":"1417","thim_footer_text_font_color":"#fff","thim_footer_bg_color":"#181818","thim_custom_css":".contact-info-item {\n  margin-bottom: 10px;\n  margin-bottom: 1rem;\n}\n.contact-info-item .contact-text {\n  display: block;\n  float: left;\n  width: 125px;\n  font-size: 14px;\n  font-size: 1.4rem;\n  text-transform: uppercase;\n  letter-spacing: 1px;\n  margin-top: 2px;\n  position: relative;\n}\n.contact-info-item .contact-value {\n  display: block;\n  margin-left: 125px;\n}\n.product-grid .product_thumb img{height: auto;\n                width: 100%}\n#sbi_load{display:none} \n\n.desc-icon-box >p >b >a:hover {\n  color: #699E87;\n  text-decoration: underline;\n}\n\nbody.page-id-1775 div.wpcf7-validation-errors, body.page-id-14 div.wpcf7-validation-errors {\n    padding: 5px 15px !important;\n    margin: 0 !important;\n  }\n\n.contact-info-item .contact-text {margin-top: 0;}\n.contact-info-item .contact-value a:hover {\n  color: #699E87;\n  text-decoration: underline;\n}\n\nbody.archive.author .top_site_main .heading__secondary >span{\n  position: relative !important;\n  display: inline !important;\n  bottom: auto !important;\n}\n\n@media (max-width: 767px) {\n.mobile-menu-container .menu-right .tp-button.primary{\n    display: none !important;\n  }\n}\n\n.test{\nfont-size: 14px;\n}","thim_import_setting":"","thim_export_setting":"","thim_404_top_image":"","thim_404_heading_bg_color":"#181818","thim_archive_cate_sub_title":"Lectores legere","thim_front_page_sub_title":"","thim_archive_single_sub_title":"","thim_rtl_support":false,"thim_woo_cate_layout":"full-content","thim_woo_cate_hide_title":false,"thim_woo_cate_top_image":"2140","thim_woo_cate_heading_bg_color":"","thim_woo_cate_heading_text_color":"#fff","thim_woo_cate_sub_title":"Order Online","thim_woo_product_column":"4","thim_woo_product_per_page":"8","thim_woo_set_show_qv":true,"thim_woo_sharing_facebook":true,"thim_woo_sharing_twitter":true,"thim_woo_sharing_google":true,"thim_woo_sharing_pinterest":true,"thim_woo_single_layout":"full-content","thim_woo_single_hide_title":false,"thim_woo_single_top_image":"2140","thim_woo_single_heading_bg_color":"","thim_woo_single_heading_text_color":"#fff","thim_woo_single_sub_title":"Order Online","thim_preload":true,"thim_custom_preload_image":"","thim_custom_preload_title":"Restaurant & Cafe","thim_event_layout":"sidebar-right","thim_event_top_image":"1415","thim_event_column":"3","thim_event_per_page":"9","thim_width_logo_mobile":"50","thim_event_sharing_facebook":true,"thim_event_sharing_twitter":true,"thim_event_sharing_google":true,"thim_event_sharing_pinterest":true,"thim_event_sharing_fancy":true,"thim_event_hide_title":false,"thim_event_custom_title":"","thim_event_sub_title":""}